name,url,stage,category,milestones,team,jobs,partners
[24]7.AI,https://www.247.ai/,Growth,"AI/ML, ENTERPRISE","Founded 2000, Partnered 2003","PV Kannan, Shanmugam ""Nags"" Nagarajan",,Michael Moritz
100 THIEVES,https://100thieves.com/,Growth,CONSUMER,"Founded 2017, Partnered 2018",,"Marketing Manager, Product Project Manager",
23ANDME,https://www.23andme.com/,IPO,HEALTHCARE,"Founded 2006, Partnered 2017, IPO 2021",Anne Wojcicki,"Sr. Product Manager, Health, Head of Social Media (Senior Manager), Research Operations Associate",Roelof Botha
AALTO,https://aalto.com/,Early,CONSUMER,"Founded 2018, Partnered 2019","Jon Carpenter, Nicholas Narodny",,Bryan Schreier
ACTIONIQ,http://www.actioniq.co/,Growth,ENTERPRISE,"Founded 2014, Partnered 2014","David Todrin, Tasso Argyros, Nitay Joffe",,Doug Leone
ADMOB,http://www.admob.com/,Acquired,ENTERPRISE,"Founded 2006, Partnered 2006, Acquired 2010",Omar Hamoui,,Jim Goetz
AIRBNB,http://www.airbnb.com/,IPO,CONSUMER,"Founded 2007, Partnered 2009, IPO 2020","Nathan Blecharczyk, Brian Chesky, Joe Gebbia",,Alfred Lin
AIRSTRIP,https://www.airstrip.com/,Growth,HEALTHCARE,"Founded 2004, Partnered 2010",,,
AKEERO,https://akeero.com/,Pre-Seed/Seed,ENTERPRISE,"Founded 2020, Partnered 2022, Arc 2022","Stuart Cameron, Anthi Gilligan, Ciaran O'Keeffe",,
ALION ENERGY,https://www.alionenergy.com/,Growth,CLIMATE TECH,"Founded 2008, Partnered 2009",,,
ALKIRA,https://www.alkira.com/,Growth,ENTERPRISE,"Founded 2018, Partnered 2018","Atif Khan, Amir Khan","Senior Software Engineer - Platform Engineer (India), Regional Sales Manager (Ohio), Solutions Engineer (London, UK)",Bill Coughran
AMP ROBOTICS,https://www.amprobotics.com/,Growth,"AI/ML, CLIMATE TECH, ENTERPRISE","Founded 2015, Partnered 2019",Matanya Horowitz,"Senior Product Manager, Facility Controls Technician",
AMPLITUDE,https://amplitude.com/,IPO,ENTERPRISE,"Founded 2012, Partnered 2018, IPO 2021","Curtis Liu, Spenser Skates, Jeffrey Wang",,
ANROK,https://anrok.com/,Growth,ENTERPRISE,"Founded 2020, Partnered 2020","Kannan Goundan, Michelle Valentine","Commercial Sales Manager, Product Marketing Manager, Partner Manager, ISVs",
ANTERIOR,https://www.anterior.com/,Pre-Seed/Seed,"AI/ML, HEALTHCARE","Founded 2022, Partnered 2023","Zahid Mahmood, Abdel Mahmoud",,
APEX,https://www.apexhq.ai/,Pre-Seed/Seed,"AI/ML, ENTERPRISE","Founded 2023, Partnered 2023, Arc 2023","Tomer Avni, Matan Derman",,Bogomil Balkansky
APOLLO.IO,https://www.apollo.io/,Growth,"AI/ML, ENTERPRISE","Founded 2015, Partnered 2021","Ray Li, Tim Zheng","Technical Support Representative, Technical Support Representative, Technical Support Representative",Sonya Huang
APPLE,http://www.apple.com/,IPO,CONSUMER,"Founded 1976, Partnered 1978, IPO 1980","Steve Jobs, Steve Wozniak",,
AQUARIUM,http://aquariumlearning.com/,Pre-Seed/Seed,AI/ML,"Founded 2020, Partnered 2020","Peter Gao, Quinn Johnson",Contract - SRE / Platform Engineer,Mike Vernal
ARCWISE,http://arcwise.app/,Pre-Seed/Seed,"AI/ML, ENTERPRISE","Founded 2022, Partnered 2022, Arc 2022","Rahul Bali, James Davis, Hanson Wang",Full Stack Engineer,
ARMIS,https://armis.com/,Acquired,ENTERPRISE,"Founded 2015, Partnered 2015, Acquired 2020","Yevgeny Dibrov, Nadir Izrael",,
ATARI,https://www.atari.com/,IPO,CONSUMER,"Founded 1972, Partnered 1975, IPO 2003, Acquired 1976",Nolan Bushnell,,
ATTENTIVE,https://attentivemobile.com/,Growth,"AI/ML, ENTERPRISE","Founded 2016, Partnered 2019","Amit Jhawar, Andrew Jones, Brian Long",,
AURORA,https://aurora.tech/,IPO,"AI/ML, CLIMATE TECH, ENTERPRISE","Founded 2016, Partnered 2019, IPO 2021","Sterling Anderson, Drew Bagnell, Chris Urmson","Senior Staff TLM - Test Automation Engineering, Senior Staff TLM - Test Automation Engineering, Senior Staff Machine Learning Engineer",Carl Eschenbach
AVALANCHE,https://www.avalanche-technology.com/,Growth,ENTERPRISE,"Founded 2006, Partnered 2009",,,
BARRACUDA,http://www.barracuda.com/,IPO,ENTERPRISE,"Founded 2003, Partnered 2005, IPO 2013","Dean Drako, Zach Levow, Michael Perone",,Jim Goetz
BASELIME,https://baselime.io/,Acquired,ENTERPRISE,"Founded 2021, Partnered 2022, Arc 2022, Acquired 2024",Boris Tane,,
BENTO,https://bento.me/en/home,Acquired,CONSUMER,"Founded 2022, Partnered 2022, Arc 2022, Acquired 2023","Sélim Benayat, Mugeeb Hassan",,
BIGEYE,https://www.bigeye.com/,Growth,ENTERPRISE,"Founded 2019, Partnered 2021","Egor Gryaznov, Kyle Kirwan",Product Manager,Bogomil Balkansky
BIGPANDA,https://bigpanda.io/,Growth,ENTERPRISE,"Founded 2011, Partnered 2011","Elik Eizenberg, Assaf Resnick","Alliances Manager - UK, Sales Development Representative, Fullstack Engineer, Admin Platform",
BIOMODAL,https://www.biomodal.com/,Growth,HEALTHCARE,"Founded 2012, Partnered 2016","Peter Fromen, Shankar Balasubramanian, Bobby Yerramilli-Rao","Regional Marketing Manager (UK, Ire, Nordics & EMEA), Field Applications Scientist – Computational Science (US)",Roelof Botha
BIRD,https://www.bird.co/,IPO,CONSUMER,"Founded 2017, Partnered 2018, IPO 2021",Travis VanderZanden,,Roelof Botha
BLOCK,https://block.xyz/,IPO,"CONSUMER, CRYPTO, FINTECH","Founded 2009, Partnered 2011, IPO 2015","Jack Dorsey, Jim McKelvey",,Roelof Botha
BLOCKAID,https://www.blockaid.io/,Early,"CRYPTO, ENTERPRISE","Founded 2022, Partnered 2022","Ido Ben-Natan, Raz Niv",,Shaun Maguire
BLUES WIRELESS,http://blues.io/,Early,ENTERPRISE,"Founded 2019, Partnered 2020",Ray Ozzie,"Manufacturing Quality Engineer, Operations Engineering -Co-Op/Internship",Mike Vernal
BOLT,https://bolt.eu/,Growth,CONSUMER,"Founded 2013, Partnered 2021","Oliver Leisalu, Markus Villig, Martin Villig","Operations Coordinator, Sales Team Lead, Operations Coordinator",
BREEZE.CASH,https://breeze.cash/,Pre-Seed/Seed,"CRYPTO, FINTECH","Founded 2022, Partnered 2022, Arc 2022","Peng Du, Millie Yang",,
BREWBIRD,https://www.brewbird.com/,Early,ENTERPRISE,"Founded 2012, Partnered 2019",,,
BRIDGEBIO,https://bridgebio.com/,IPO,HEALTHCARE,"Founded 2014, Partnered 2018, IPO 2019",Neil Kumar,,Roelof Botha
CALDERA,https://caldera.xyz/,Pre-Seed/Seed,CRYPTO,"Founded 2022, Partnered 2022","Parker Jou, Matt Katz",,Shaun Maguire
CALLIPER,https://www.getcalliper.com/,Pre-Seed/Seed,ENTERPRISE,"Founded 2022, Partnered 2022, Arc 2022","James Elmore, Kosta Kolev",,
CANVAS,https://canvasapp.com/,Pre-Seed/Seed,ENTERPRISE,"Founded 2020, Partnered 2020","Ryan Buick, Will Pride, Luke Zapart",,Konstantine Buhler
CAPTIONS,https://www.captions.ai/,Growth,"AI/ML, CONSUMER","Founded 2021, Partnered 2021","Dwight Churchill, Gaurav Misra","Technical Sourcer, Software Engineer, iOS (3+ years of experience), Software Engineer - Backend (3+ years of experience)",
CAPTIVATEIQ,https://www.captivateiq.com/,Growth,ENTERPRISE,"Founded 2017, Partnered 2020","Mark Schopmeyer, Conway Teng, Hubert Wong","Professional Services Consultant, Senior Director, Enterprise Sales, Business Development Manager",
CARBON,http://carbon3d.com/,Growth,ENTERPRISE,"Founded 2013, Partnered 2013","Craig Carlson, Phil DeSimone, Joseph DeSimone, Alex Ermoshkin, Steve Nelson",,Jim Goetz
CATCH,https://www.getcatch.com/,Early,FINTECH,"Founded 2020, Partnered 2020","Denia Ebersole, Whitney LaRow, Nico Perdomo, Vijay Singh",,
CELLWORKS,https://cellworks.life/,Growth,"ENTERPRISE, HEALTHCARE","Founded 2005, Partnered 2012",,,
CENSUS,https://www.getcensus.com/,Growth,ENTERPRISE,"Founded 2018, Partnered 2020","Bradley Buda, Boris Jabes, Sean Lynch, Anton Vaynshtok","Sr Software Engineer - Apps, Senior Software Engineer - ETL, Enterprise Account Development Representative",
CHAINGUARD,https://chainguard.dev/,Early,ENTERPRISE,"Founded 2021, Partnered 2022","Ville Aikas, Kim Lewandowski, Dan Lorenc, Matt Moore","Senior Counsel, Account Based Marketing Manager - Public Sector, Senior Customer Marketing Manager",
CHKK,https://www.chkk.io/,Pre-Seed/Seed,ENTERPRISE,"Founded 2022, Partnered 2022","Fawad Khaliq, Ali Khayam, Awais Nemat",,
CISCO,http://www.cisco.com/,IPO,ENTERPRISE,"Founded 1984, Partnered 1987, IPO 1990","Leonard Bosack, Sandy Lerner",,
CITADEL SECURITIES,https://www.citadelsecurities.com/,Growth,FINTECH,"Founded 2002, Partnered 2022","Ken Griffin, Peng Zhao","High Performance Computing Engineer, Site Reliability Engineer, C++ Software Engineer",
CITIZEN,https://citizen.com/,Growth,CONSUMER,"Founded 2015, Partnered 2017",,,
CLAIM,https://www.claim.co/,Pre-Seed/Seed,CONSUMER,"Founded 2021, Partnered 2023","Sam Obletz, Tap Stephenson","GTM Campus Rep, Campus Ambassador",
CLARI,http://clari.com/,Growth,ENTERPRISE,"Founded 2012, Partnered 2012","Andy Byrne, Kurt Leafstrand, Venkat Rangan","Senior Engineering Manager, Clari Copilot, Staff Security Engineer, VP, Revenue Marketing - Remote",Jim Goetz
CLEVER,http://clever.com/,Acquired,ENTERPRISE,"Founded 2012, Partnered 2013, Acquired 2021","Tyler Bosmeny, Dan Carroll, Rafael Garcia",,Bryan Schreier
CLICKATELL,https://www.clickatell.com/,Growth,ENTERPRISE,"Founded 2000, Partnered 2007","Pieter de Villiers, Patrick Lawson","Sales Operations Analyst, Pre-Sales Solution Architect, Full Stack Senior Software Developer",
CLIPBOARD HEALTH,https://clipboardhealth.com/,Growth,HEALTHCARE,"Founded 2016, Partnered 2022",Wei Deng,"Technical Support Team Leader, New Graduate Sales Accelerator, Team Lead, Core Sales",
CLOSEFACTOR,https://www.closefactor.com/,Early,AI/ML,"Founded 2020, Partnered 2021","Erik Buchanan, Ben Cheung, Leena Joshi",,Bogomil Balkansky
COANA,https://www.coana.tech/,Pre-Seed/Seed,ENTERPRISE,"Founded 2022, Partnered 2023","Benjamin Barslev, Anders Møller, Anders Søndergaard, Martin Torp",,Bogomil Balkansky
COBALT ROBOTICS,https://cobaltrobotics.com/,Growth,"AI/ML, ENTERPRISE","Founded 2016, Partnered 2018","Travis Deyle, Mike LeBlanc, Erik Schluntz","Reserve Engineer (On-site) - Melbourne, Australia, Global Security Operations Center (GSOC) (SOC) Operator or Lead, On Call Customer Experience Associate",
COBOT,https://www.co.bot/,Growth,AI/ML,"Founded 2022, Partnered 2023",Brad Porter,"AI Research Engineer, Robotics Validation Engineer, Materials Manager",Alfred Lin
COCKROACH LABS,https://www.cockroachlabs.com/,Growth,ENTERPRISE,"Founded 2015, Partnered 2015",,,
COHESITY,http://www.cohesity.com/,Growth,ENTERPRISE,"Founded 2013, Partnered 2013","Sanjay Poonen, Mohit Aron",,
COMMONS,https://www.thecommons.earth/,Early,"CLIMATE TECH, CONSUMER","Founded 2018, Partnered 2019",Sanchali Pal,"Carbon & Data Analyst Intern, Lead Software Developer",Bryan Schreier
COMMURE,https://www.commure.com/,Growth,"AI/ML, HEALTHCARE","Founded 2016, Partnered 2016","Deepika Bodapati, Tanay Tandon",,Alfred Lin
CONFLUENT,https://www.confluent.io/,IPO,ENTERPRISE,"Founded 2014, Partnered 2017, IPO 2021","Jay Kreps, Neha Narkhede, Jun Rao",,Matt Miller
CORTEX,https://www.getcortexapp.com/,Early,ENTERPRISE,"Founded 2019, Partnered 2020","Ganesh Datta, Anish Dhar, Nikhil Unni","Senior Sales Engineer (West Coast), Principal Product Manager, MidMarket Account Executive",Bogomil Balkansky
CRESTA,https://www.cresta.com/,Growth,"AI/ML, ENTERPRISE","Founded 2020, Partnered 2021","Ping Wu, Zayd Enam, Tim Shi, Sebastian Thrun","Senior Digital Marketing Manager, Senior Demand Generation Manager, Senior Software Engineer, Frontend (AI Agent)",
CRIBL,https://cribl.io/,Growth,ENTERPRISE,"Founded 2017, Partnered 2020","Dritan Bitincka, Ledion Bitincka, Clint Sharp","Solutions Engineer, Northeast, Technical Support Escalation Manager, Sr Data Analyst",
CTRLSTACK,https://www.ctrlstack.com/,Early,"AI/ML, ENTERPRISE","Founded 2020, Partnered 2020",Dev Nag,,Bill Coughran
CYBERSYN,https://www.cybersyn.com/,Early,ENTERPRISE,"Founded 2022, Partnered 2022, Arc 2022",Alex Izydorczyk,"Analytics Engineer, Data Scientist, Senior Data Engineer (SQL Optimization)",
CYERA,https://www.cyera.io/,Early,ENTERPRISE,"Founded 2020, Partnered 2022","Tamar Bar-Ilan, Yotam Segev","Security Researcher, Business Development Representative, Senior Customer Success Engineer - US",
DASHLANE,https://www.dashlane.com/,Growth,ENTERPRISE,"Founded 2009, Partnered 2019","John Bennett, Jean Guillou, Guillaume Maron","Workplace Experience Specialist (Office Manager), Customer Success Operations Manager, Customer Support Operations Manager",
DATA.AI,https://www.data.ai/en/,Acquired,ENTERPRISE,"Founded 2010, Partnered 2013, Acquired 2024","Theodore Kranz, Bjorn Stabell",,Konstantine Buhler
DBT LABS,https://www.getdbt.com/,Growth,ENTERPRISE,"Founded 2016, Partnered 2020",Tristan Handy,"Senior Software Engineer, Adapters, Staff Software Engineer, Experience, Solution Architect, Commercial",
DENO,https://deno.land/,Early,ENTERPRISE,"Founded 2021, Partnered 2022","Bert Belder, Ryan Dahl",Founding Product Manager,
DESO,https://www.deso.org/,Pre-Seed/Seed,CRYPTO,"Founded 2021, Partnered 2021",Nader Al-Naji,,
DIA&CO,https://www.dia.com/,Acquired,CONSUMER,"Founded 2014, Partnered 2016, Acquired 2024","Nadia Boujarwah, Lydia Gilbert",,Jess Lee
DOLLS KILL,https://www.dollskill.com/,Growth,CONSUMER,"Founded 2012, Partnered 2019","Bobby Farahi, Shoddy Lynn","Graphic Design Internship, Social Media Internship, Apparel Graphic Design Intern",Alfred Lin
DOMINO DATA LAB,https://www.dominodatalab.com/,Growth,ENTERPRISE,"Founded 2016, Partnered 2016","Nick Elprin, Matthew Granade, Chris Yang","Product Marketing Director, Data Science/AI/ML, Cloud Site Reliability Engineer, Public Sector, Account Executive, Public Sector",
DOORDASH,http://www.doordash.com/,IPO,CONSUMER,"Founded 2013, Partnered 2014, IPO 2020","Andy Fang, Stanley Tang, Tony Xu",,
DOPPLER,https://doppler.com/,Growth,ENTERPRISE,"Founded 2018, Partnered 2019",Brian Vallelunga,General Application,
DRAFTEA,https://draftea.com/,Growth,CONSUMER,"Founded 2021, Partnered 2021","Joe Cohen, Alán Jaime","Copywriter, Data Scientist, Customer Experience Manager",Konstantine Buhler
DRIFT,https://www.drift.com/,Acquired,ENTERPRISE,"Founded 2014, Partnered 2017, Acquired 2021","David Cancel, Elias Torres",,Pat Grady
DROPBOX,http://www.dropbox.com/,IPO,"CONSUMER, ENTERPRISE","Founded 2007, Partnered 2007, IPO 2018","Arash Ferdowsi, Drew Houston",,Bryan Schreier
DUST,https://dust.tt/,Pre-Seed/Seed,"AI/ML, ENTERPRISE","Founded 2023, Partnered 2023","Gabriel Hubert, Stanislas Polu","Design Engineer, Software Engineer, Solutions Engineer",Konstantine Buhler
EDX MARKETS,https://edxmarkets.com/,Pre-Seed/Seed,"CRYPTO, FINTECH","Founded 2022, Partnered 2022",Jamil Nazarali,Senior Operations Specialist - EDXM Global,Konstantine Buhler
ELECTRONIC ARTS,http://www.ea.com/,IPO,CONSUMER,"Founded 1982, Partnered 1982, IPO 1989","John Riccitiello, Trip Hawkins",,
ELEMENTL,https://www.elementl.com/,Growth,ENTERPRISE,"Founded 2018, Partnered 2018","Pete Hunt, Nick Schrock",,Mike Vernal
ELEVATE,http://elevateapp.com/,Early,CONSUMER,"Founded 2011, Partnered 2014",Jesse Pickard,,Bryan Schreier
ELEVENLABS,https://elevenlabs.io/,Growth,AI/ML,"Founded 2022, Partnered 2023","Piotr Dąbkowski, Mati Staniszewski",,Andrew Reed
ELYN,https://www.elyn.io/,Pre-Seed/Seed,ENTERPRISE,"Founded 2021, Partnered 2023, Arc 2023","El Mehdi Hachad, Hamza Sentissi","Sales Account Executive, Senior Product Designer, Lead Marketing",
EMPOWER,https://empower.me/,Growth,FINTECH,"Founded 2016, Partnered 2020","Justin Ammerlaan, Warren Hogarth",,
ETHOS,https://www.ethoslife.com/,Growth,CONSUMER,"Founded 2016, Partnered 2017","Peter Colis, Lingke Wang","AI Lead (Data Science), AI Lead, Principal Product Manager, Consumer",
EVENTBRITE,http://www.eventbrite.com/,IPO,CONSUMER,"Founded 2006, Partnered 2009, IPO 2018","Renaud Visage, Julia Hartz, Kevin Hartz","Commercial Counsel I, Software Engineer II, Customer Success Manager",Roelof Botha
EVERNOTE,http://www.evernote.com/,Acquired,"CONSUMER, ENTERPRISE","Founded 2007, Partnered 2010, Acquired 2023","Phil Libin, Stepan Pachikov",,Roelof Botha
EVERVAULT,https://evervault.com/,Early,ENTERPRISE,"Founded 2018, Partnered 2019",Shane Curran,"Lead Engineer, Security, Lead Engineer, Infrastructure, Technical Recruiter",
EVY,https://evy.eu/,Pre-Seed/Seed,"CONSUMER, FINTECH","Founded 2021, Partnered 2021","Shana Azria, Simon Kemoun, Tanguy Le Stradic","Senior Backend Engineer, Junior Backend Engineer, Sales Manager",
FACTORY,https://factory.ai/,Early,"AI/ML, ENTERPRISE","Founded 2023, Partnered 2023","Matan Grinberg, Eno Reyes",,Shaun Maguire
FAIRE,https://www.faire.com/,Growth,ENTERPRISE,"Founded 2016, Partnered 2017","Marcelo Cortes, Jeff Kolovson, Daniele Perito, Max Rhodes","Business Intelligence Manager, Business Intelligence Manager, Marketing Analytics Lead",
FARAWAY GAMES,https://faraway.gg/,Early,"CONSUMER, CRYPTO","Founded 2021, Partnered 2021","Alex Paley, Dennis Zdonov",,
FIDES,https://www.fides.technology/,Pre-Seed/Seed,ENTERPRISE,"Founded 2021, Partnered 2022, Arc 2022","Vincent Bobinski, Lisa Gradow, Philippa Peters",,
FIGMA,https://www.figma.com/,Growth,ENTERPRISE,"Founded 2012, Partnered 2019",Dylan Field,"Sales Enablement Specialist, Product Marketing Manager, Figma Editor, Product Manager, Data & ML Infrastructure",Andrew Reed
FILECOIN,https://filecoin.io/,Early,CRYPTO,"Founded 2014, Partnered 2017",Juan Benet,,Alfred Lin
FINTUAL,https://fintual.cl/,Growth,FINTECH,"Founded 2018, Partnered 2021","Agustin Feuerhake Larrain, Omar Larré, Andrés Marinkovic, Pedro Pineda","Abogada (Reemplazo pre y post natal), Security Engineer",
FIREBLOCKS,https://www.fireblocks.com/,Growth,"CRYPTO, ENTERPRISE","Founded 2018, Partnered 2021","Pavel Berengoltz, Idan Ofrat, Michael Shaulov","Sales Director, US, Senior DevOps Engineer, SecOps Specialist",Ravi Gupta
FIREEYE,http://www.fireeye.com/,IPO,ENTERPRISE,"Founded 2004, Partnered 2004, IPO 2013",Ashar Aziz,,Bill Coughran
FIREWORKS AI,https://fireworks.ai/,Growth,AI/ML,"Founded 2022, Partnered 2022","Dmytro Dzhulgakov, Dmytro Ivchenko, Lin Qiao, Chenyu Zhao",,
FLAGSHIP,https://landing.flagship.shop/,Pre-Seed/Seed,CONSUMER,"Founded 2022, Partnered 2022, Arc 2022","Youssef Ahres, Khalil Hajji, Juhana Kangaspunta",,Jess Lee
FORMATION BIO,https://www.formation.bio/,Growth,"AI/ML, HEALTHCARE","Founded 2014, Partnered 2017","Benjamine Liu, Linhao Zhang",,Michael Moritz
FOUND,https://found.com/,Growth,FINTECH,"Founded 2019, Partnered 2020","Connor Dunn, Lauren Myrick",,
FOUNDRY,https://www.mlfoundry.com/,Early,"AI/ML, ENTERPRISE","Founded 2022, Partnered 2022, Arc 2023",Jared Quincy Davis,,Shaun Maguire
FRONT,https://front.com/,Growth,ENTERPRISE,"Founded 2013, Partnered 2017","Dan O'Connell, Mathilde Collin, Laurent Perrin",,
FTX,https://ftx.com/,Growth,CRYPTO,"Founded 2019, Partnered 2021",,,
GADGET,https://gadget.dev/,Pre-Seed/Seed,ENTERPRISE,"Founded 2020, Partnered 2021","Harry Brundage, Mo Hashemi",Senior Infrastructure Engineer,Mike Vernal
GARNER HEALTH,https://www.getgarner.com/,Growth,"ENTERPRISE, HEALTHCARE","Founded 2019, Partnered 2019",Nick Reber,,Stephanie Zhan
GATHER,https://gather.town/,Growth,ENTERPRISE,"Founded 2020, Partnered 2021","Alex Chen, Nate Foss, Kumail Jaffer, Phillip Wang","Head of Product Engineering, Principal Product Engineering Lead, Senior Full Stack Product Engineer II",
GENEDIT,http://www.genedit.com/,Early,HEALTHCARE,"Founded 2016, Partnered 2016","Kunwoo Lee, Niren Murthy, Hyo Min Park","Office & Operations Coordinator (Part-time), Immunology_Sr Research Associate/Associate Scientist/Scientist I/Scientist II",Roelof Botha
GETIR,https://getir.com/,Growth,CONSUMER,"Founded 2015, Partnered 2021","Serkan Borancılı, Mehmed Nazim Salur, Tuncay Tütek","Senior Android Engineer - Kotlin, GetirYemek Sales & Account Executive, Aydın, Senior Governance Risk & Compliance Specialist",
GITHUB,https://www.github.com/,Acquired,"AI/ML, ENTERPRISE","Founded 2008, Partnered 2015, Acquired 2018","PJ Hyett, Chris Wanstrath",,
GLADIA,https://www.gladia.io/,Pre-Seed/Seed,"AI/ML, ENTERPRISE","Founded 2022, Partnered 2022, Arc 2022","Jean-Louis Quéguiner, Jonathan Soto",,
GLEAN,https://www.glean.com/,Growth,"AI/ML, ENTERPRISE","Founded 2019, Partnered 2022","Tony Gentilcore, Arvind Jain, Piyush Prahladka, T.R. Vishwanath","Senior Technical Writer and Knowledge Manager, Majors Account Executive, UX Designer",Sonya Huang
GLOSSIER,https://www.glossier.com/,Growth,CONSUMER,"Founded 2014, Partnered 2019","Kyle Leahy, Emily Weiss","Key Lead, SoHo Flagship, (Sales Associate, Part-Time) Editor, Philadelphia, (Sales Associate, Full-Time) Editor, Philadelphia",Sonya Huang
GONG,https://www.gong.io/,Growth,"AI/ML, ENTERPRISE","Founded 2015, Partnered 2019","Amit Bendov, Eilon Reshef","Manager, Social Media, Account executive, Mid Market, DACH, Vice President, Brand Marketing",
GOOD EGGS,https://www.goodeggs.com/home,Growth,CONSUMER,"Founded 2011, Partnered 2013",,"Transportation Lead, Warehouse Steward (Facility Maintenance)",
GOOGLE,http://www.google.com/,IPO,"CONSUMER, ENTERPRISE","Founded 1998, Partnered 1999, IPO 2004","Sergey Brin, Larry Page",,Michael Moritz
GRAFANA,https://grafana.com/,Growth,ENTERPRISE,"Founded 2014, Partnered 2021","Rajiv Dutt, Torkel Ödegaard, Anthony Woods","Velocity Account Executive (Remote, Spain), Velocity Account Executive (Remote, United States), Velocity Account Executive (Remote, United Kingdom)",
GRAPHCORE,https://www.graphcore.ai/,Growth,ENTERPRISE,"Founded 2016, Partnered 2017","Simon Knowles, Nigel Toon",,
GRAPHIANT,https://www.graphiant.com/,Early,ENTERPRISE,"Founded 2020, Partnered 2020","Stefan Olofsson, Khalid Raza",,Bill Coughran
GREEN DOT,https://www.greendot.com/greendot,IPO,FINTECH,"Founded 1999, Partnered 2003, IPO 2010",Steve Streit,,Michael Moritz
GROW THERAPY,https://growtherapy.com/,Growth,HEALTHCARE,"Founded 2020, Partnered 2024","Jake Cooper, Manoj Kanagaraj, Alan Ni",,Pat Grady
GUARDANT HEALTH,http://www.guardanthealth.com/,IPO,HEALTHCARE,"Founded 2012, Partnered 2013, IPO 2018","Michael Wiley, Helmy Eltoukhy, AmirAli Hajhossein Talasaz",,
GUIDED ENERGY,https://guided.energy/,Pre-Seed/Seed,"AI/ML, CLIMATE TECH","Founded 2023, Partnered 2023","Eric Daoud, Anant Kapoor",,
HALLOAPP,https://www.halloapp.com/,Pre-Seed/Seed,CONSUMER,"Founded 2017, Partnered 2020","Neeraj Arora, Michael Donohue",,Jim Goetz
HALLWAY,https://joinhallway.com/,Pre-Seed/Seed,CONSUMER,"Founded 2021, Partnered 2022, Arc 2022","Brett Koonce, Bryan Pratte",,
HANDSHAKE,https://handshake.org/,Early,CRYPTO,"Founded 2018, Partnered 2018","Joseph Poon, Andrew Lee",,
HARVEY,https://www.harvey.ai/,Early,"AI/ML, ENTERPRISE","Founded 2022, Partnered 2023","Gabriel Pereyra, Winston Weinberg","Senior Accountant, Product Marketing Manager, Senior Data Analyst",
HEARSAY SYSTEMS,https://hearsaysystems.com/,Growth,ENTERPRISE,"Founded 2009, Partnered 2010","Steve Garrity, Clara Shih",,Bryan Schreier
HEX TECHNOLOGIES,https://hex.tech/,Growth,AI/ML,"Founded 2019, Partnered 2023","Caitlin Colgrove, Barry McCardel, Glen Takahashi","Office Coordinator (Part-Time), Sales Development Representative, Visualization Engineer",Matt Miller
HOUZZ,http://www.houzz.com/,Growth,CONSUMER,"Founded 2009, Partnered 2011","Alon Cohen, Adi Tatarko","QA Engineer, Senior DevOps Engineer, Revenue Data Scientist - Industry Solutions",Alfred Lin
HUBSPOT,http://www.hubspot.com/,IPO,ENTERPRISE,"Founded 2006, Partnered 2011, IPO 2014","Brian Halligan, Dharmesh Shah",,
HUGGING FACE,https://huggingface.co/,Growth,AI/ML,"Founded 2016, Partnered 2022","Julien Chaumond, Clément Delangue, Thomas Wolf","Office Manager - Paris Office, Hardware Partnerships Program Manager - EMEA remote, Hardware Partnerships Program Manager - US remote",
IAMBIC THERAPEUTICS,https://www.iambic.ai/,Early,"AI/ML, HEALTHCARE","Founded 2019, Partnered 2021","Tim Cernak, Fred Manby, Thomas Miller, Sarah Trice",,Bill Coughran
INFRACOST,https://www.infracost.io/,Early,ENTERPRISE,"Founded 2020, Partnered 2021","Hassan Khajeh-Hosseini, Ali Khajeh-Hosseini, Alistair Scott",,Bogomil Balkansky
INSIDE.COM,https://inside.com/,Growth,ENTERPRISE,"Founded 2006, Partnered 2007",Jason Calacanis,,
INSTACART,http://instacart.com/,IPO,"AI/ML, CONSUMER","Founded 2012, Partnered 2013, IPO 2023","Fidji Simo, Brandon Leonardo, Apoorva Mehta, Max Mullen","Senior Risk & Compliance Engineer, Engagement Marketing Manager, Senior Software Engineer, Commerce Platform",
INSTAGRAM,http://instagram.com/,Acquired,CONSUMER,"Founded 2010, Partnered 2012, Acquired 2012","Mike Krieger, Kevin Systrom",,Roelof Botha
IRIS LABS,https://www.getiris.app/,Early,CONSUMER,"Founded 2019, Partnered 2019",Jenny Qian,,Jess Lee
IRON FISH,https://ironfish.network/,Early,CRYPTO,"Founded 2020, Partnered 2021",Elena Nadolinski,,Shaun Maguire
IRONCLAD,https://ironcladapp.com/,Growth,"AI/ML, ENTERPRISE","Founded 2014, Partnered 2018","Jason Boehmig, Cai GoGwilt","GTM Systems Administrator - Customer Success, Senior Growth Marketing Manager, Paid Media, Salesforce Architect (GTM Systems)",
ISLAND,https://island.io/,Growth,ENTERPRISE,"Founded 2020, Partnered 2020","Dan Amiga, Mike Fey","Senior Product Support Engineer, Senior Chromium DevOps Engineer, Senior C++ Engineer",Doug Leone
JASPER,https://www.jasper.com/,Acquired,ENTERPRISE,"Founded 2004, Partnered 2005, Acquired 2016","Daniel Collins, Amit Gupta, Jahangir Mohammed",,Jim Goetz
JITX,https://www.jitx.com/,Early,ENTERPRISE,"Founded 2019, Partnered 2019","Jonathan Bachrach, Duncan Haldane, Patrick Li","Strategic Growth Lead, Don't see a job posting for you? New roles opening soon!",Bill Coughran
JIVE SOFTWARE,https://www.jivesoftware.com/,Acquired,ENTERPRISE,"Founded 2001, Partnered 2007, IPO 2011, Acquired 2017","Dave Hersh, Tony Zingale, Bill Lynch, Matt Tucker",,
KALSHI,https://kalshi.com/,Early,FINTECH,"Founded 2018, Partnered 2020","Luana Lopes Lara, Tarek Mansour","Memester (or like Head of Social or smthg), Market Structure, Infrastructure Engineer",Alfred Lin
KAYAK,http://www.kayak.com/,Acquired,CONSUMER,"Founded 2004, Partnered 2005, IPO 2012, Acquired 2013","Paul English, Steve Hafner",,Michael Moritz
KEEN TECHNOLOGIES,https://keenagi.com/,,AI/ML,,,,Sonya Huang
KLARNA,http://www.klarna.com/,Growth,FINTECH,"Founded 2005, Partnered 2010","Victor Jacobsson, Niklas Adalberth, Sebastian Siemiatkowski",,Andrew Reed
KNOWDE,https://www.knowde.com/,Growth,ENTERPRISE,"Founded 2017, Partnered 2020","Janakiraman Swamy, Jeffery Reid, Ali Amin-Javaheri, Wojciech Krupa",,
KUMO,http://kumo.ai/,Growth,AI/ML,"Founded 2021, Partnered 2021","Vanja Josifovski, Jure Leskovec, Hema Raghavan",,
LANDIS,https://www.landis.com/,Growth,FINTECH,"Founded 2018, Partnered 2020","Cyril Berdugo, Tom Petit",,Roelof Botha
LANGCHAIN,https://www.langchain.com/,Early,"AI/ML, ENTERPRISE","Founded 2022, Partnered 2024","Harrison Chase, Ankush Gola",,
LAYERZERO,https://layerzero.network/,Growth,CRYPTO,"Founded 2021, Partnered 2022","Caleb Banister, Bryan Pellegrino, Ryan Zarick",,Shaun Maguire
LEDGY,https://ledgy.com/,Growth,FINTECH,"Founded 2017, Partnered 2021","Ben Brandt, Timo Horstschäefer, Yoko Spirig","Software Engineer, Senior Software Engineer, Senior Software Engineer",
LILT,https://lilt.com/,Growth,"AI/ML, ENTERPRISE","Founded 2015, Partnered 2018","John DeNero, Spence Green","Senior Backend Engineer, Ukrainian Translator Must be a US Citizen, Linguists with SEO experience",Bill Coughran
LINEAR,https://linear.app/,Early,"AI/ML, ENTERPRISE","Founded 2019, Partnered 2019","Tuomas Artman, Jori Lallo, Karri Saarinen",,Stephanie Zhan
LINKEDIN,http://www.linkedin.com/,IPO,CONSUMER,"Founded 2002, Partnered 2003, IPO 2011","Jeff Weiner, Reid Hoffman",,Michael Moritz
LINKEXCHANGE,https://www.microsoft.com/en-us/,Acquired,ENTERPRISE,"Founded 1996, Partnered 1997, Acquired 1998","Mark Bozzini, Tony Hsieh, Ali Partovi, Hadi Partovi",,Michael Moritz
LOOM,https://www.loom.com/,Acquired,"AI/ML, ENTERPRISE","Founded 2016, Partnered 2019, Acquired 2023","Vinay Hiremath, Joe Thomas",,Andrew Reed
LUGG,https://lugg.com/,Pre-Seed/Seed,CONSUMER,"Founded 2014, Partnered 2015",,,
MACH INDUSTRIES,https://www.machindustries.com/,Pre-Seed/Seed,ENTERPRISE,"Founded 2022, Partnered 2023",Ethan Thornton,"Aerospace Structures Engineer, Software Engineer, GNC Engineer",
MAGIC EDEN,https://magiceden.io/,Growth,"CONSUMER, CRYPTO","Founded 2021, Partnered 2021","Jack Lu, Zhuoxin (Zedd) Yin, Sidney Zhang, Zhuojie Zhou","Senior Infrastructure Engineer, Accounting Operations Lead, Senior Application Security Engineer",Josephine Chen
MAVEN,https://www.mavenclinic.com/,Growth,HEALTHCARE,"Founded 2014, Partnered 2018",Katherine Ryder,"Strategic Sales Associate, Client Success Director, Salesforce Administrator",Jess Lee
MEDALLIA,http://www.medallia.com/,IPO,ENTERPRISE,"Founded 2001, Partnered 2011, IPO 2019","Leslie Stretch, Borge Hald, Amy Pressman",,
MEDALLION,https://medallion.co/,Growth,HEALTHCARE,"Founded 2020, Partnered 2021",Derek Lo,"Head of Legal/General Counsel, Senior Software Engineer, Technical Solutions Manager",Andrew Reed
MEENO,https://meeno.com/,Pre-Seed/Seed,AI/ML,"Founded 2023, Partnered 2023",Renate Nyborg,,Roelof Botha
MERAKI,http://www.meraki.com/,Acquired,ENTERPRISE,"Founded 2006, Partnered 2006, Acquired 2012","John Bicket, Sanjit Biswas, Hans Robertson",,
METER,https://www.meter.com/,Growth,ENTERPRISE,"Founded 2015, Partnered 2022","Anil Varanasi, Sunil Varanasi","Recruiter (Contract), Full Stack Engineer, Products, Customer Success",
MIDDESK,https://www.middesk.com/,Growth,ENTERPRISE,"Founded 2018, Partnered 2019","Kyle Mack, Kurt Ruppel","Business Recruiter, People Operations Coordinator, Head of Growth Marketing",Stephanie Zhan
MINDY,https://mindy.com/,Pre-Seed/Seed,"AI/ML, CONSUMER","Founded 2023, Partnered 2023, Arc 2023","Benoit Berthoux, Cuong Do, Yu Pan",,Roelof Botha
MIRAGE,https://mirageml.com/,Acquired,AI/ML,"Founded 2022, Partnered 2023, Arc 2023, Acquired 2024","Mayank Kishore, Aman Kishore, Sree Tripuramallu",,
MMHMM,https://www.mmhmm.app/,Growth,"CONSUMER, ENTERPRISE","Founded 2020, Partnered 2020",Phil Libin,"Staff Software Engineer, Backend for mmhmm, Senior Staff Software Engineer, Backend for mmhmm",Roelof Botha
MONAD,https://www.monad.security/,Early,ENTERPRISE,"Founded 2020, Partnered 2020","Christian Almenar, Jacolon Walker",,Shaun Maguire
MONGODB,http://www.mongodb.com/,IPO,ENTERPRISE,"Founded 2007, Partnered 2010, IPO 2017","Dev Ittycheria, Eliot Horowitz, Dwight Merriman",,Roelof Botha
MOOVIT,https://www.moovit.com/,Acquired,CONSUMER,"Founded 2012, Partnered 2013, Acquired 2020","Roy Bick, Nir Erez",,Alfred Lin
MOS,https://www.mos.com/,Growth,FINTECH,"Founded 2017, Partnered 2020",Amira Yahyaoui,,
MULTIS,https://multis.co/,Acquired,"CRYPTO, FINTECH","Founded 2019, Partnered 2021, Acquired 2024",Thibaut Sahaghian,,
MUTINY,https://www.mutinyhq.com/,Growth,"AI/ML, ENTERPRISE","Founded 2018, Partnered 2021","Nikhil Mathew, Jaleh Rezaei","Product Support Specialist, Engineering Manager",Bogomil Balkansky
N8N,https://n8n.io/,Early,ENTERPRISE,"Founded 2019, Partnered 2020",Jan Oberhauser,"Engineering Manager - Adoption | Berlin or Europe remote, Cybersecurity Evangelist (Remote Europe), Senior Frontend Engineer | Berlin or Europe remote",Matt Miller
NATERA,http://www.natera.com/,IPO,HEALTHCARE,"Founded 2004, Partnered 2007, IPO 2015","Matthew Rabinowitz, Jonathan Sheena",,Roelof Botha
NEEVA,http://www.neeva.co/,Acquired,"AI/ML, CONSUMER","Founded 2019, Partnered 2019, Acquired 2023","Vivek Raghunathan, Sridhar Ramaswamy",,
NEROS,https://www.neros.tech/,Pre-Seed/Seed,"AI/ML, ENTERPRISE","Founded 2023, Partnered 2023","Olaf Hichwa, Soren Monroe-Anderson",,Shaun Maguire
NETAPP,http://www.netapp.com/,IPO,ENTERPRISE,"Founded 1992, Partnered 1994, IPO 1995","Daniel J. Warmenhoven, David Hitz, James Lau",,
NIMBLE RX,https://www.nimblerx.com/,Growth,HEALTHCARE,"Founded 2014, Partnered 2015",Talha Sattar,"Software Engineer Intern - Fall Session (August - December 2024), Operations Associate, Implementation, Operations Associate, Integrations",
NIMBLE STORAGE,http://www.nimblestorage.com/,IPO,ENTERPRISE,"Founded 2008, Partnered 2008, IPO 2013","Suresh Vasudevan, Umesh Maheshwari, Varun Mehta",,Jim Goetz
NOOM,https://www.noom.com/#/,Growth,CONSUMER,"Founded 2008, Partnered 2019","Geoff Cook, Saeju Jeong, Artem Petakov",Payroll & Total Rewards Operations Manager,Ravi Gupta
NOTION,https://www.notion.so/,Growth,"AI/ML, CONSUMER, ENTERPRISE","Founded 2013, Partnered 2021","Akshay Kothari, Simon Last, Ivan Zhao","Business Operations & Strategy Lead, Head of Product Operations, Technical Architect Lead",
NSAVE,https://www.nsave.com/,Pre-Seed/Seed,"CONSUMER, FINTECH","Founded 2021, Partnered 2022, Arc 2023","Abdallah AbuHashem, Amer Baroudi",,George Robson
NUBANK,http://www.nubank.com.br/,IPO,FINTECH,"Founded 2013, Partnered 2013","Cristina Junqueira, David Vélez, Edward Wible",,
NVIDIA,http://www.nvidia.com/,IPO,"AI/ML, ENTERPRISE","Founded 1993, Partnered 1993, IPO 1999","Jensen Huang, Chris Malachowsky, Curtis Priem",,
NXYZ,https://n.xyz/,Acquired,"CRYPTO, ENTERPRISE","Founded 2022, Partnered 2022, Acquired 2023",Sridhar Ramaswamy,,Bill Coughran
OASIS SECURITY,https://www.oasis.security/,Early,ENTERPRISE,"Founded 2022, Partnered 2023","Danny Brickman, Amit Zimerman",,
OBSERVABLE,https://observablehq.com/,Growth,ENTERPRISE,"Founded 2016, Partnered 2016","Julio Avalos, Michael Bostock, Melody Meckfessel","Senior Software Developer, Solutions Engineer, Demand Generation Manager",Jim Goetz
OKTA,http://www.okta.com/,IPO,ENTERPRISE,"Founded 2009, Partnered 2012, IPO 2017","Freddy Kerrest, Todd McKinnon",,
OPEN,https://www.getopen.com/,Early,ENTERPRISE,"Founded 2019, Partnered 2021",George Jacobs,,
OPENAI,https://openai.com/,Growth,"AI/ML, CONSUMER, ENTERPRISE","Founded 2015, Partnered 2021","Sam Altman, Greg Brockman, Ilya Sutskever",,
OPENDNS,http://www.opendns.com/,Acquired,ENTERPRISE,"Founded 2006, Partnered 2009, Acquired 2015",David Ulevitch,,Pat Grady
ORACLE,http://www.oracle.com/,IPO,ENTERPRISE,"Founded 1977, Partnered 1983, IPO 1986",Larry Ellison,,
ORBITAL INSIGHT,http://www.orbitalinsight.com/,Growth,ENTERPRISE,"Founded 2013, Partnered 2014",James Crawford,"Sr. UI/UX Designer, Senior UI Engineer, Sr Devops Engineer - Public Sector",
OSO,https://www.osohq.com/,Early,ENTERPRISE,"Founded 2018, Partnered 2019","Graham Neray, Sam Scott","Head of Engineering, Head of Engineering, Founding Sales Hire",Bill Coughran
OTTER,https://withotter.com/,Early,CONSUMER,"Founded 2020, Partnered 2021",Helen Mayer,,
OTTO FINANCE,https://www.ottofinance.io/,Pre-Seed/Seed,FINTECH,"Founded 2020, Partnered 2022, Arc 2022","Madeleine Debney, Jan Thomas","Software Engineer, Full Stack, Head of B2B Sales, Software Engineer, Back End",
PACE,https://pace.group/,Pre-Seed/Seed,"CONSUMER, HEALTHCARE","Founded 2020, Partnered 2020","Jack Chou, Cat Lee, Alex Shye",,Jess Lee
PALO ALTO NETWORKS,http://www.paloaltonetworks.com/,IPO,ENTERPRISE,"Founded 2005, Partnered 2005, IPO 2012","Mark McLaughlin, Rajiv Batra, Nir Zuk",,
PAPAYA,https://www.papayapay.com/,Growth,FINTECH,"Founded 2016, Partnered 2018","Patrick Kann, Jason Meltzer",Senior Software Engineer,Andrew Reed
PARALLEL,https://parallel.fi/,Early,CRYPTO,"Founded 2021, Partnered 2021",Yubo Ruan,Head of Solidity Development,
PARTYKIT,https://www.partykit.io/,Acquired,ENTERPRISE,"Founded 2023, Partnered 2023, Acquired 2024",Sunil Pai,,
PAYPAL,http://www.paypal.com/,IPO,FINTECH,"Founded 1999, Partnered 1999, IPO 2002, Acquired 2002","Max Levchin, Elon Musk, Peter Thiel",,Michael Moritz
PENDULUM,https://pendulum.co/,Growth,HEALTHCARE,"Founded 2012, Partnered 2017","James Bullard, Colleen Cutcliffe, John Eid","Sr Director Quality, Creative Director, Manager, Finance",
PENNYLANE,https://www.pennylane.tech/,Growth,FINTECH,"Founded 2020, Partnered 2021","Tancrede Besnard, Felix Blossier, Thierry Deo, Édouard Mascré, Quentin de Metz, Alexandre Roquoplo, Arthur Waller","Account Executive - Medium Accounting Firms - Pau, Spécialiste Support Pilotage et Comptabilité (Télétravail complet possible - Toulouse), Spécialiste Support Pilotage et Comptabilité (Télétravail complet possible - Marseille)",
PHYSICAL INTELLIGENCE,https://physicalintelligence.company/,Pre-Seed/Seed,AI/ML,"Founded 2024, Partnered 2024","Adnan Esmail, Chelsea Finn, Lachy Groom, Karol Hausman, Brian Ichter, Sergey Levine, Quan Vuong",,Alfred Lin
PHYSNA,https://physna.com/,Growth,ENTERPRISE,"Founded 2015, Partnered 2020","Dennis DeMeyere, Paul Powers",Application Security Engineer,
PIAZZA,https://piazza.com/,Growth,CONSUMER,"Founded 2009, Partnered 2011",,,
PICSART,http://picsart.com/,Growth,"AI/ML, CONSUMER","Founded 2011, Partnered 2014","Hovhannes Avoyan, Artavazd Mehrabyan","Senior Software Engineer in Test, AI Tools, Web Software Engineer, AI Tools, Senior Software Engineer Web, Dynamic Ads",Mike Vernal
PILOT,https://pilot.com/,Growth,"AI/ML, ENTERPRISE","Founded 2017, Partnered 2020","Jeff Arnold, Waseem Daher, Jessica McKellar","Onboarding Specialist, Sr. Marketing Operations Manager, Account Executive",Pat Grady
PLANGRID,http://www.plangrid.com/,Acquired,ENTERPRISE,"Founded 2011, Partnered 2014, Acquired 2018","Ralph Gootee, Ryan Sutton-Gee, Tracy Young",,Doug Leone
POCKET GEMS,https://www.pocketgems.com/,Growth,CONSUMER,"Founded 2009, Partnered 2010","Harlan Crystal, Daniel Terry",,
POPSINK,https://popsink.com/,Pre-Seed/Seed,ENTERPRISE,"Founded 2021, Partnered 2022, Arc 2022","Alexandre Colella, Benjamin Djidi",,
PRELUDE,https://www.prelude.org/,Early,ENTERPRISE,"Founded 2020, Partnered 2021",Spencer Thompson,"Senior Offensive Security Engineer, AI Researcher, Senior Backend Engineer",Bill Coughran
PRIVY,https://privy.io/,Early,"CRYPTO, ENTERPRISE","Founded 2021, Partnered 2021","Asta Li, Henri Stern","Staff Frontend Software Engineer, Staff Backend Software Engineer, Staff Fullstack Software Engineer",
PRODUCTBOARD,https://www.productboard.com/,Growth,ENTERPRISE,"Founded 2014, Partnered 2019","Daniel Hejl, Hubert Palan","Chief of Staff & Executive Assistant, Content Marketing Manager, Senior Engineering Manager",Andrew Reed
PROTÉGÉ,https://www.protege.com/,Pre-Seed/Seed,CONSUMER,"Founded 2021, Partnered 2021","Mike Cruz, Jackson Jhin",,Jess Lee
PYDANTIC,https://pydantic.dev/,Pre-Seed/Seed,ENTERPRISE,"Founded 2017, Partnered 2023",Samuel Colvin,,
PYRAMID,https://www.pyramidanalytics.com/,Growth,ENTERPRISE,"Founded 2009, Partnered 2013","Omri Kohl, Oz Tarazi","Customer Marketing Manager, Social Media Marketing Specialist, Senior Content Writer",
QUALTRICS,http://www.qualtrics.com/,IPO,ENTERPRISE,"Founded 2002, Partnered 2012, IPO 2021, Acquired 2018","Jared Smith, Ryan Smith",,
QUANTENNA,http://www.quantenna.com/,IPO,"CONSUMER, ENTERPRISE","Founded 2006, Partnered 2006, IPO 2016","Sam Heidari, Farrokh Farrokhi, Andrea Goldsmith, Behrooz Rezvani",,Jim Goetz
QUANTUM CIRCUITS,http://quantumcircuits.com/,Early,ENTERPRISE,"Founded 2015, Partnered 2017","Ray Smets, Michel Devoret, Luigi Frunzio, Brian Pusch, Robert Schoelkopf","Assembly, Integration, and Test Technician, IT Operations & Infrastructure Engineer, Quantum Engineer (Physicist)",Bill Coughran
QUILT,https://quilt.app/,Pre-Seed/Seed,AI/ML,"Founded 2023, Partnered 2023","Daniel Chen, Michael Graczyk",,Konstantine Buhler
R2 SEMICONDUCTOR,https://r2semi.com/,Growth,,"Founded 2008, Partnered 2009",,Senior Analog CAD Engineering Consultant,
RABBITX,https://landing.rabbitx.io/,Pre-Seed/Seed,CRYPTO,"Founded 2021, Partnered 2021",Ming Wu,,
RAMP,https://ramp.com/,Growth,FINTECH,"Founded 2019, Partnered 2023","Karim Atiyeh, Eric Glyman, Gene Lee",,Ravi Gupta
RAPPI,https://www.rappi.com/restaurantes,Growth,CONSUMER,"Founded 2015, Partnered 2016","Simon Borrero, Sebastian Mejia, Felipe Villamarin",,Andrew Reed
REC ROOM,https://recroom.com/,Growth,CONSUMER,"Founded 2016, Partnered 2016","John Bevis, Cameron Brown, Nick Fajt, Dan Kroymann, O. Bilal Orhan, Josh Wehrly","Senior Rendering Engineer, Staff Data Scientist, App Performance, Principal Data Scientist, Machine Learning",
REDDIT,http://www.reddit.com/,IPO,CONSUMER,"Founded 2005, Partnered 2014, IPO 2024","Steve Huffman, Alexis Ohanian","Senior Operations Specialist, Safety Enforcement, Data Science Manager, Growth, Senior Client Account Manager, Large Customer Sales (Finance & Travel)",Alfred Lin
RELEASE,https://releasehub.com/,Early,ENTERPRISE,"Founded 2019, Partnered 2020","David Giffin, Erik Landerholm, Tommy McClung",,Bogomil Balkansky
REMOTE,https://remote.com/,Growth,ENTERPRISE,"Founded 2017, Partnered 2020","Marcelo Lebre, Job van der Voort","Senior Manager, Outbound Sales Development - APAC, Senior Manager, Outbound Sales Development - APAC, Team Lead, Analytics Engineering",Ravi Gupta
REPLICATE,https://replicate.com/,Early,"AI/ML, ENTERPRISE","Founded 2019, Partnered 2021","Ben Firshman, Andreas Jansson",,Stephanie Zhan
RETOOL,https://retool.com/,Growth,"AI/ML, ENTERPRISE","Founded 2017, Partnered 2019",David Hsu,"Site Reliability Engineer, Interactive Producer, Solutions Architect, Professional Services",
REVMAP,https://www.revmap.com/,Pre-Seed/Seed,ENTERPRISE,"Founded 2022, Partnered 2022, Arc 2022",Berber Krop,,
RINGCENTRAL,http://www.ringcentral.com/,IPO,ENTERPRISE,"Founded 1998, Partnered 2006, IPO 2013",Vlad Shmunis,,Doug Leone
RIPPLING,https://www.rippling.com/,Growth,ENTERPRISE,"Founded 2016, Partnered 2021",Parker Conrad,"Global Customer Support Specialist, Australia Payroll, Senior HR Advisor, United Arab Emirates (Part-Time), Technical Account Consultant (Platform)",
ROBCO,https://www.robco.de/,Growth,"AI/ML, ENTERPRISE","Founded 2020, Partnered 2022","Constantin Dresel, Roman Hölzl, Paul Maroldt","Partner Development Manager (m/w/d), International Sales & Partner Associate Robotic Solutions (m/w/d), Forward Deployed Robotics Engineer (m/w/d)",
ROBINHOOD,https://robinhood.com/,IPO,"CONSUMER, FINTECH","Founded 2013, Partnered 2018, IPO 2021","Baiju Bhatt, Vlad Tenev",,Andrew Reed
ROBUST INTELLIGENCE,https://robustintelligence.com/,Growth,"AI/ML, ENTERPRISE","Founded 2019, Partnered 2019","Kojin Oshiba, Yaron Singer","Solution Architect, Machine Learning Engineer, VP of Product",Bill Coughran
ROCKSET,https://www.rockset.com/,Growth,ENTERPRISE,"Founded 2016, Partnered 2016","Shruti Bhat, Tudor Bosman, Dhruba Borthakur, Venkat Venkataramani","Enterprise Account Executive, Software Engineer, Infrastructure, Software Engineer, Infrastructure",
ROON,https://roon.care/,Pre-Seed/Seed,HEALTHCARE,"Founded 2021, Partnered 2022, Arc 2022","Vikram Bhaskaran, Rohan Ramakrishna, Arun Ranganathan",,
RUCKUS NETWORKS,http://www.ruckuswireless.com/,IPO,ENTERPRISE,"Founded 2004, Partnered 2002, IPO 2012","Selina Lo, Bill Kish, Victor Shtrom",,Jim Goetz
SAFARA,https://www.safara.com/,Pre-Seed/Seed,"CLIMATE TECH, CONSUMER","Founded 2021, Partnered 2022, Arc 2022","Cody Rose, Doug Schuessler",,
SALT SECURITY,https://salt.security/,Growth,ENTERPRISE,"Founded 2016, Partnered 2020","Roey Eliyahu, Michael Nicosia","Platform Product Manager, Director of Alliances, Software Team Leader- Platform Group",
SEAPLANE,https://www.seaplane.io/,Early,ENTERPRISE,"Founded 2020, Partnered 2020","Niall Dalton, Denzil Dunn, Suneil Mishra, Cath Schikkerling",,Bill Coughran
SECURITY SCORECARD,http://www.securityscorecard.com/,Growth,ENTERPRISE,"Founded 2013, Partnered 2015","Sam Kassoumeh, Aleksandr Yampolskiy","Senior DFIR Consultant, Incident Response, SVP Revenue Operations, Senior Information Security Analyst, Managed Services",Doug Leone
SEMGREP,https://semgrep.dev/,Growth,ENTERPRISE,"Founded 2017, Partnered 2017","Drew Dennison, Isaac Evans, Luke O'Malley","Technical Account Manager, Engineering Manager- Frameworks and Services, Senior Security Engineer",
SERVICENOW,http://www.servicenow.com/,IPO,ENTERPRISE,"Founded 2003, Partnered 2009, IPO 2012","Frank Slootman, Fred Luddy",,
SIERRA,https://sierra.ai/,Growth,"AI/ML, ENTERPRISE","Founded 2023, Partnered 2023","Clay Bavor, Bret Taylor",,Ravi Gupta
SNAPDOCS,https://www.snapdocs.com/,Growth,ENTERPRISE,"Founded 2013, Partnered 2017","Mike Sachdev, Aaron King","Product Marketing Manager, Commercial Account Executive, Senior Product Designer",Andrew Reed
SNOWFLAKE,https://www.snowflake.net/,IPO,ENTERPRISE,"Founded 2012, Partnered 2018, IPO 2020","Frank Slootman, Sridhar Ramaswamy, Thierry Cruanes, Benoit Dageville, Marcin Zukowski",,
SOURCEGRAPH,https://about.sourcegraph.com/,Growth,"AI/ML, ENTERPRISE","Founded 2013, Partnered 2020","Beyang Liu, Quinn Slack",,Andrew Reed
SPACEX,https://www.spacex.com/,Growth,ENTERPRISE,"Founded 2002, Partnered 2020",Elon Musk,"Environmental Health & Safety Engineer, Global Supply Manager, PCB (Starlink), Full Stack Software Engineer, Security (Starlink)",Shaun Maguire
SQUINT,https://www.squint.ai/,Early,ENTERPRISE,"Founded 2021, Partnered 2023, Arc 2023",Devin Bhushan,"Enterprise Account Executive, Sales Operations Specialist, Sales Engineer/Solutions Engineer",Jess Lee
STAINLESS,https://www.stainlessapi.com/,Pre-Seed/Seed,ENTERPRISE,"Founded 2021, Partnered 2022",Alex Rattray,,Lauren Reeder
STAIRWELL,https://stairwell.com/,Early,ENTERPRISE,"Founded 2019, Partnered 2019",Mike Wiacek,"Senior Software Engineer, Software Engineer, Staff Software Engineer",Bill Coughran
STARKWARE,https://www.starkware.co/,Growth,CRYPTO,"Founded 2018, Partnered 2018","Eli Ben-Sasson, Alessandro Chiesa, Uri Kolodny, Michael Riabzev","Head of Business Development, Senior Site Reliability Engineer, Full Stack Developer",Mike Vernal
STATSIG,https://statsig.com/,Growth,ENTERPRISE,"Founded 2021, Partnered 2021",Vijaye Raji,Developer Relations,
STRAVA,http://www.strava.com/,Growth,CONSUMER,"Founded 2009, Partnered 2014","Michael Martin, Mark Gainey, Michael Horvath",,Andrew Reed
STRIPE,http://stripe.com/,Growth,FINTECH,"Founded 2010, Partnered 2010","John Collison, Patrick Collison","Operations Manager , Financial Crimes, Infrastructure Engineer, Global Banking Risk Partnerships Lead",
STRONGDM,https://www.strongdm.com/,Growth,ENTERPRISE,"Founded 2015, Partnered 2019","Tim Prendergast, Schuyler Brown, Justin McCarthy, Liz Zalman",,Doug Leone
STUDEO,http://studeo.app/,Pre-Seed/Seed,CONSUMER,"Founded 2020, Partnered 2022, Arc 2022","Antonin De Laever, Nicolas Levandowsky",,
SUMMER HEALTH,https://www.summerhealth.com/,Early,"CONSUMER, HEALTHCARE","Founded 2021, Partnered 2022, Arc 2022","Ellen DaSilva, Matthew Woo","Staff Engineer, AI, Director of Integrated Marketing, Employer Sales Lead",Alfred Lin
SUMO LOGIC,http://www.sumologic.com/,IPO,ENTERPRISE,"Founded 2010, Partnered 2014, IPO 2020","Ramin Sayar, Christian Beedgen",,
SUNDAY,https://www.getsunday.com/,Growth,CONSUMER,"Founded 2018, Partnered 2020","Coulter Lewis, Trent Lewis",,Stephanie Zhan
SUNRUN,http://www.sunrun.com/,IPO,"CLIMATE TECH, CONSUMER","Founded 2007, Partnered 2010","Edward Fenster, Lynn Jurich",,Pat Grady
SUREIN,https://www.surein.de/,Pre-Seed/Seed,FINTECH,"Founded 2021, Partnered 2022, Arc 2022","Daniel Dierkes, Maximilian Geißinger, David Schara",,
SWITCHBOARD,https://www.switchboard.app/,Early,ENTERPRISE,"Founded 2020, Partnered 2020",Amir Ashkenazi,Product & Content Marketing Manager,Mike Vernal
SYNATIV,https://www.synativ.com/,Pre-Seed/Seed,AI/ML,"Founded 2021, Partnered 2022, Arc 2022","Tom Bruls, Andrew Kanapatski",,
TACTO,https://www.tacto.ai/,Early,"AI/ML, ENTERPRISE","Founded 2020, Partnered 2023","Nico Bentenrieder, Johannes Groll, André Petry","Operations Associate & Executive Assistant (f/m/d), (Senior) Frontend Engineer (m/f/d), ML / AI Engineer Intern (m/f/d)",
TANDA,https://www.mytanda.com/,Pre-Seed/Seed,FINTECH,"Founded 2023, Partnered 2023, Arc 2023","Chris Chan, Jesse Chor, Mike Emery, Glen Wong",,
TAVUS,https://www.tavus.io/,Early,"AI/ML, ENTERPRISE","Founded 2021, Partnered 2021","Quinn Favret, Hassaan Raza",,Stephanie Zhan
TECTON,https://tecton.ai/,Growth,"AI/ML, ENTERPRISE","Founded 2018, Partnered 2018","Michael Del Balso, Jeremy Hermann, Kevin Stumpf","Product Designer, People Business Partner, Software Engineer, Compute",
TELDA,https://telda.app/,Pre-Seed/Seed,FINTECH,"Founded 2021, Partnered 2021","Ahmed Sabbah, Youssef Sholkamy",,George Robson
TELESCOPE,https://www.gotelescope.ai/,Pre-Seed/Seed,AI/ML,"Founded 2021, Partnered 2022, Arc 2022",Reza Javan,,
TEMPORAL TECHNOLOGIES,https://temporal.io/,Growth,ENTERPRISE,"Founded 2019, Partnered 2019","Samar Abbas, Maxim Fateev","Director, Product Marketing, Product Marketing Manager, Platform Operations and Partners, Senior Lifecycle Marketing Manager",Bogomil Balkansky
THE BORING COMPANY,https://www.boringcompany.com/,Growth,CONSUMER,"Founded 2016, Partnered 2022",Elon Musk,"Day Shift Lead, Internal Truck Fleet, Night Shift Lead, Internal Truck Fleet, Day Shift Dispatcher, Internal Truck Fleet",Shaun Maguire
THE MELT,https://www.themelt.com/,Growth,CONSUMER,"Founded 2009, Partnered 2010",,,
THE ORG,https://theorg.com/,Growth,ENTERPRISE,"Founded 2017, Partnered 2019","Andreas Jarbol, Christian Wylonis",Tell Us Your Dream Job,Roelof Botha
THE WIRE DIGITAL,https://www.wirescreen.ai/,Early,ENTERPRISE,"Founded 2019, Partnered 2020","David Barboza, Lynn Zhang","Research Associate, Federal Account Executive - U.S. Federal Civilian and Adjacent *MUST RESIDE IN DC-MD-VA, Federal Account Executive - DoD and Intel *MUST RESIDE IN DC-VA-MD",
THIS ONE,https://www.this.one/,Pre-Seed/Seed,CONSUMER,"Founded 2021, Partnered 2022, Arc 2022","Martin Gould, Johnny Hunter",,
THOUSANDEYES,http://www.thousandeyes.com/,Acquired,ENTERPRISE,"Founded 2010, Partnered 2011, Acquired 2020","Mohit Lad, Ricardo Oliveira",,
THREADS,https://threads.com/,Growth,ENTERPRISE,"Founded 2017, Partnered 2017","Rousseau Kazi, Suman Venkataswamy",Senior Fullstack Engineer,Mike Vernal
THUMBTACK,http://www.thumbtack.com/,Growth,CONSUMER,"Founded 2009, Partnered 2013","Jonathan Swanson, Marco Zappacosta","Director of Tax, Senior Financial Analyst, Business Finance, Supply and Monetization Forecasting, Director of Tax",
TIPLINK,https://tiplink.io/,Pre-Seed/Seed,"CRYPTO, FINTECH","Founded 2022, Partnered 2022","Aashiq Dheeraj, Ian Krotinsky","Senior Engineer, Interested, but don't see your role?",Shaun Maguire
TOURLANE,https://www.tourlane.com/,Growth,CONSUMER,"Founded 2016, Partnered 2018","Julian Stiefel, Julian Weselek","Working Student - Influencer Marketing (f/m/x), Controller (f/m/x), Head of Product Design (f/m/x)",
TRADE REPUBLIC,https://www.traderepublic.com/,Growth,FINTECH,"Founded 2015, Partnered 2021","Marco Cancellieri, Christian Hecker, Thomas Pischke","Localization Management Intern (f/m/d), (Senior) Tax Manager (f/d/m), Tax Intern (f/d/m)",
TRUEWORK,https://www.truework.com/,Growth,ENTERPRISE,"Founded 2017, Partnered 2018","Victor Kabdebon, Ryan Sandler, Ethan Winchell","Customer Support Specialist (Part time), Product Marketing Manager, Brand Design Lead",Alfred Lin
TRULIA,http://www.trulia.com/,IPO,CONSUMER,"Founded 2005, Partnered 2007, IPO 2012, Acquired 2014","Peter Flint, Sami Inkinen",,Bryan Schreier
TULA TECHNOLOGY,https://www.tulatech.com/,Growth,CLIMATE TECH,"Founded 2008, Partnered 2008",,,
TUMBLR,http://www.tumblr.com/,Acquired,CONSUMER,"Founded 2007, Partnered 2010, Acquired 2013",David Karp,,Roelof Botha
TURNKEY,https://www.turnkey.io/,Pre-Seed/Seed,"CRYPTO, ENTERPRISE","Founded 2022, Partnered 2022","Bryce Ferguson, Jack Kearney, Sam McIngvale",,Alfred Lin
TWAIN,https://www.twain.ai/,Pre-Seed/Seed,AI/ML,"Founded 2021, Partnered 2022, Arc 2022",Mohamed Chahin,,
TWO,https://www.two.inc/,Pre-Seed/Seed,FINTECH,"Founded 2021, Partnered 2021","Ed Brandler, Joachim Kruger, Andreas Mjelde, Stavros Tamvakakis, Kiran Thomas","Customer Support Associate, Summer Internship - Commercial team, Customer Support Associate",George Robson
UIPATH,https://www.uipath.com/,IPO,ENTERPRISE,"Founded 2005, Partnered 2018, IPO 2021","Daniel Dines, Marius Tirca",,Carl Eschenbach
UNITY,http://www.unity3d.com/,IPO,CONSUMER,"Founded 2004, Partnered 2009, IPO 2020","John Riccitiello, Joachim Ante, David Helgason",,Roelof Botha
UNTAPPED,https://www.untapped.io/,Acquired,ENTERPRISE,"Founded 2017, Partnered 2019, Acquired 2024","Tariq Meyers, Adam Gefkovicz, Ben Herman",,
UPWAY,https://upway.co/,Early,"CLIMATE TECH, CONSUMER, ENTERPRISE","Founded 2021, Partnered 2021","Stéphane Ficaja, Toussaint Wattinne",,
VANTA,https://www.vanta.com/,Growth,ENTERPRISE,"Founded 2017, Partnered 2021",Christina Cacioppo,"Senior Analyst, GTM Analytics, Senior Specialist, Digital Analytics & Tag Management, Senior Product Manager, Program Management",Andrew Reed
VEED,http://veed.io/,Early,"AI/ML, CONSUMER, ENTERPRISE","Founded 2018, Partnered 2021","Sabba Keynejad, Timur Mamedov","Senior Data Scientist, Senior Full Stack Engineer, Acquisition, Senior Full Stack Engineer, Acquisition",
VERKADA,https://www.verkada.com/,Growth,"AI/ML, ENTERPRISE","Founded 2016, Partnered 2019","Benjamin Bercovitz, Filip Kaliszan, James Ren, Hans Robertson","Marketing Recruiting Manager, Technical Marketing Manager, Principal Technical Recruiter - Product",
VERSA NETWORKS,http://www.versa-networks.com/,Growth,ENTERPRISE,"Founded 2012, Partnered 2012","Apurva Mehta, Kumar Mehta",,Jim Goetz
VISE,https://vise.com/,Growth,"AI/ML, FINTECH","Founded 2016, Partnered 2019","Runik Mehrotra, Samir Vasavada","Recruiting Coordinator, Client Operations Specialist, Senior Software Engineer",Shaun Maguire
VISUAL ELECTRIC,https://visualelectric.com/,Pre-Seed/Seed,AI/ML,"Founded 2022, Partnered 2023, Arc 2023","Colin Dunn, Adam Menges, Zach Stiggelbout",,
WARP,https://warp.dev/,Growth,ENTERPRISE,"Founded 2020, Partnered 2022",Zach Lloyd,Software Engineer,Andrew Reed
WATERSHED,https://www.watershedclimate.com/,Growth,"CLIMATE TECH, ENTERPRISE","Founded 2019, Partnered 2020","Christian Anderson, Taylor Francis, Avi Itskovich",,
WHATSAPP,http://www.whatsapp.com/,Acquired,CONSUMER,"Founded 2009, Partnered 2011, Acquired 2014","Brian Acton, Jan Koum",,Jim Goetz
WIZ,https://wiz.io/,Growth,ENTERPRISE,"Founded 2020, Partnered 2020","Yinon Costica, Ami Luttwak, Assaf Rappaport, Roy Reznik","FP&A Analyst, Manager, Solutions Engineering - Enterprise - NYC, Security Engineer - Corporate Platforms",
WONOLO,https://www.wonolo.com/,Growth,ENTERPRISE,"Founded 2013, Partnered 2017",Yong Kim,,Jess Lee
X,https://www.x.com/,Growth,CONSUMER,"Founded 2006, Partnered 2022","Elon Musk, Linda Yaccarino, Jack Dorsey",,
XAIRA,https://xaira.com/,Early,HEALTHCARE,"Founded 2024, Partnered 2024",,,
XELDA,https://www.xelda.com/,Pre-Seed/Seed,FINTECH,"Founded 2021, Partnered 2022, Arc 2022",India Healy O'Connor,,
XENTRAL,https://xentral.com/en/,Growth,ENTERPRISE,"Founded 2008, Partnered 2021","Domenico Cipolla, Benedikt Sauter, Claudia Sauter","(Senior) Support Spezialist Finance & Accounting (m/w/d) - Remote, (Senior) Technical Support Spezialist (m/f/d) - Accounting - Remote, Pricing Expert (m/f/d) - Remote",
XOOM,http://www.xoom.com/,Acquired,CONSUMER,"Founded 2001, Partnered 2003, IPO 2013, Acquired 2015","Alan Braverman, Kevin Hartz, John Kunze",,Roelof Botha
YAHOO,http://www.yahoo.com/,IPO,CONSUMER,"Founded 1994, Partnered 1995, IPO 1996","David Filo, Jerry Yang",,Michael Moritz
YOKOY,https://yokoy.io/,Growth,"AI/ML, ENTERPRISE, FINTECH","Founded 2019, Partnered 2022","Melanie Gabriel, Thomas Inhelder, Devis Lussi, Lars Mangelsdorf, Philippe Sahli",,
YOUTUBE,http://www.youtube.com/,Acquired,CONSUMER,"Founded 2005, Partnered 2005, Acquired 2006","Steve Chen, Chad Hurley, Jawed Karim",,Roelof Botha
ZAFRAN,https://www.zafran.io/,Early,ENTERPRISE,"Founded 2022, Partnered 2023","Snir Havdala, Ben Seri, Sanaz Yashar",,
ZAPIER,https://zapier.com/,Growth,ENTERPRISE,"Founded 2011, Partnered 2020","Wade Foster, Bryan Helmig, Mike Knoop","Engineer, Database Reliability, Vice President, Marketing, Sr. Engineer, Applied AI",Andrew Reed
ZAPPOS,http://www.zappos.com/about.zhtml,Acquired,CONSUMER,"Founded 1999, Partnered 2004, Acquired 2009","Tony Hsieh, Nick Swinmurn",,
ZEET.CO,https://zeet.co/,Pre-Seed/Seed,ENTERPRISE,"Founded 2020, Partnered 2022, Arc 2022","Johnny Dallas, Zihao Zhang","Platform Engineer, Senior Front End Engineer/Tech Lead",
ZEFIR,https://www.zefir.fr/,Early,CONSUMER,"Founded 2020, Partnered 2022","Remy Fabre, Louis Lambert","Software Engineer, Account Management, Account Executive, Business",George Robson
ZIPLINE,https://flyzipline.com/,Growth,ENTERPRISE,"Founded 2012, Partnered 2012","Keller Rinaudo, Keenan Wyrobek","Field Systems Engineer - P1 Air Systems, Recruiting Coordinator, Procurement Analyst, Africa",Alfred Lin
ZOOM,https://zoom.us/,IPO,"CONSUMER, ENTERPRISE","Founded 2011, Partnered 2016, IPO 2019",Eric Yuan,,
ZUM,https://ridezum.com/,Growth,"CLIMATE TECH, ENTERPRISE","Founded 2015, Partnered 2017","Abhishek Garg, Vivek Garg, Ritu Narayan","Regional Manager (East Coast), Safety Supervisor, Maintenance Manager",Bryan Schreier
